000,1.3.6.1.4.1.14519.5.2.1.6279.6001.100225287222365663678666836860
001,1.3.6.1.4.1.14519.5.2.1.6279.6001.100332161840553388986847034053
002,1.3.6.1.4.1.14519.5.2.1.6279.6001.100398138793540579077826395208
003,1.3.6.1.4.1.14519.5.2.1.6279.6001.100530488926682752765845212286
004,1.3.6.1.4.1.14519.5.2.1.6279.6001.100620385482151095585000946543
005,1.3.6.1.4.1.14519.5.2.1.6279.6001.100621383016233746780170740405
006,1.3.6.1.4.1.14519.5.2.1.6279.6001.100684836163890911914061745866
007,1.3.6.1.4.1.14519.5.2.1.6279.6001.100953483028192176989979435275
008,1.3.6.1.4.1.14519.5.2.1.6279.6001.101228986346984399347858840086
009,1.3.6.1.4.1.14519.5.2.1.6279.6001.102133688497886810253331438797
010,1.3.6.1.4.1.14519.5.2.1.6279.6001.102681962408431413578140925249
011,1.3.6.1.4.1.14519.5.2.1.6279.6001.103115201714075993579787468219
012,1.3.6.1.4.1.14519.5.2.1.6279.6001.104562737760173137525888934217
013,1.3.6.1.4.1.14519.5.2.1.6279.6001.104780906131535625872840889059
014,1.3.6.1.4.1.14519.5.2.1.6279.6001.105495028985881418176186711228
015,1.3.6.1.4.1.14519.5.2.1.6279.6001.105756658031515062000744821260
016,1.3.6.1.4.1.14519.5.2.1.6279.6001.106164978370116976238911317774
017,1.3.6.1.4.1.14519.5.2.1.6279.6001.106379658920626694402549886949
018,1.3.6.1.4.1.14519.5.2.1.6279.6001.106419850406056634877579573537
019,1.3.6.1.4.1.14519.5.2.1.6279.6001.106630482085576298661469304872
020,1.3.6.1.4.1.14519.5.2.1.6279.6001.106719103982792863757268101375
021,1.3.6.1.4.1.14519.5.2.1.6279.6001.107109359065300889765026303943
022,1.3.6.1.4.1.14519.5.2.1.6279.6001.107351566259572521472765997306
023,1.3.6.1.4.1.14519.5.2.1.6279.6001.108193664222196923321844991231
024,1.3.6.1.4.1.14519.5.2.1.6279.6001.108197895896446896160048741492
025,1.3.6.1.4.1.14519.5.2.1.6279.6001.108231420525711026834210228428
026,1.3.6.1.4.1.14519.5.2.1.6279.6001.109002525524522225658609808059
027,1.3.6.1.4.1.14519.5.2.1.6279.6001.109882169963817627559804568094
028,1.3.6.1.4.1.14519.5.2.1.6279.6001.110678335949765929063942738609
029,1.3.6.1.4.1.14519.5.2.1.6279.6001.111017101339429664883879536171
030,1.3.6.1.4.1.14519.5.2.1.6279.6001.111172165674661221381920536987
031,1.3.6.1.4.1.14519.5.2.1.6279.6001.111258527162678142285870245028
032,1.3.6.1.4.1.14519.5.2.1.6279.6001.111496024928645603833332252962
033,1.3.6.1.4.1.14519.5.2.1.6279.6001.111780708132595903430640048766
034,1.3.6.1.4.1.14519.5.2.1.6279.6001.112740418331256326754121315800
035,1.3.6.1.4.1.14519.5.2.1.6279.6001.112767175295249119452142211437
036,1.3.6.1.4.1.14519.5.2.1.6279.6001.113586291551175790743673929831
037,1.3.6.1.4.1.14519.5.2.1.6279.6001.113679818447732724990336702075
038,1.3.6.1.4.1.14519.5.2.1.6279.6001.113697708991260454310623082679
039,1.3.6.1.4.1.14519.5.2.1.6279.6001.114195693932194925962391697338
040,1.3.6.1.4.1.14519.5.2.1.6279.6001.114218724025049818743426522343
041,1.3.6.1.4.1.14519.5.2.1.6279.6001.114249388265341701207347458535
042,1.3.6.1.4.1.14519.5.2.1.6279.6001.114914167428485563471327801935
043,1.3.6.1.4.1.14519.5.2.1.6279.6001.115386642382564804180764325545
044,1.3.6.1.4.1.14519.5.2.1.6279.6001.116097642684124305074876564522
045,1.3.6.1.4.1.14519.5.2.1.6279.6001.116492508532884962903000261147
046,1.3.6.1.4.1.14519.5.2.1.6279.6001.116703382344406837243058680403
047,1.3.6.1.4.1.14519.5.2.1.6279.6001.117040183261056772902616195387
048,1.3.6.1.4.1.14519.5.2.1.6279.6001.117383608379722740629083782428
049,1.3.6.1.4.1.14519.5.2.1.6279.6001.118140393257625250121502185026
050,1.3.6.1.4.1.14519.5.2.1.6279.6001.119209873306155771318545953948
051,1.3.6.1.4.1.14519.5.2.1.6279.6001.119304665257760307862874140576
052,1.3.6.1.4.1.14519.5.2.1.6279.6001.119515474430718803379832249911
053,1.3.6.1.4.1.14519.5.2.1.6279.6001.119806527488108718706404165837
054,1.3.6.1.4.1.14519.5.2.1.6279.6001.120196332569034738680965284519
055,1.3.6.1.4.1.14519.5.2.1.6279.6001.120842785645314664964010792308
056,1.3.6.1.4.1.14519.5.2.1.6279.6001.121108220866971173712229588402
057,1.3.6.1.4.1.14519.5.2.1.6279.6001.121391737347333465796214915391
058,1.3.6.1.4.1.14519.5.2.1.6279.6001.121805476976020513950614465787
059,1.3.6.1.4.1.14519.5.2.1.6279.6001.121824995088859376862458155637
060,1.3.6.1.4.1.14519.5.2.1.6279.6001.121993590721161347818774929286
061,1.3.6.1.4.1.14519.5.2.1.6279.6001.122621219961396951727742490470
062,1.3.6.1.4.1.14519.5.2.1.6279.6001.122763913896761494371822656720
063,1.3.6.1.4.1.14519.5.2.1.6279.6001.122914038048856168343065566972
064,1.3.6.1.4.1.14519.5.2.1.6279.6001.123654356399290048011621921476
065,1.3.6.1.4.1.14519.5.2.1.6279.6001.123697637451437522065941162930
066,1.3.6.1.4.1.14519.5.2.1.6279.6001.124154461048929153767743874565
067,1.3.6.1.4.1.14519.5.2.1.6279.6001.124656777236468248920498636247
068,1.3.6.1.4.1.14519.5.2.1.6279.6001.124663713663969377020085460568
069,1.3.6.1.4.1.14519.5.2.1.6279.6001.124822907934319930841506266464
070,1.3.6.1.4.1.14519.5.2.1.6279.6001.125067060506283419853742462394
071,1.3.6.1.4.1.14519.5.2.1.6279.6001.125124219978170516876304987559
072,1.3.6.1.4.1.14519.5.2.1.6279.6001.125356649712550043958727288500
073,1.3.6.1.4.1.14519.5.2.1.6279.6001.126121460017257137098781143514
074,1.3.6.1.4.1.14519.5.2.1.6279.6001.126264578931778258890371755354
075,1.3.6.1.4.1.14519.5.2.1.6279.6001.126631670596873065041988320084
076,1.3.6.1.4.1.14519.5.2.1.6279.6001.126704785377921920210612476953
077,1.3.6.1.4.1.14519.5.2.1.6279.6001.127965161564033605177803085629
078,1.3.6.1.4.1.14519.5.2.1.6279.6001.128023902651233986592378348912
079,1.3.6.1.4.1.14519.5.2.1.6279.6001.128059192202504367870633619224
080,1.3.6.1.4.1.14519.5.2.1.6279.6001.128881800399702510818644205032
081,1.3.6.1.4.1.14519.5.2.1.6279.6001.129007566048223160327836686225
082,1.3.6.1.4.1.14519.5.2.1.6279.6001.129055977637338639741695800950
083,1.3.6.1.4.1.14519.5.2.1.6279.6001.129567032250534530765928856531
084,1.3.6.1.4.1.14519.5.2.1.6279.6001.129650136453746261130135157590
085,1.3.6.1.4.1.14519.5.2.1.6279.6001.129982010889624423230394257528
086,1.3.6.1.4.1.14519.5.2.1.6279.6001.130036599816889919308975074972
087,1.3.6.1.4.1.14519.5.2.1.6279.6001.130438550890816550994739120843
088,1.3.6.1.4.1.14519.5.2.1.6279.6001.130765375502800983459674173881
089,1.3.6.1.4.1.14519.5.2.1.6279.6001.131150737314367975651717513386
090,1.3.6.1.4.1.14519.5.2.1.6279.6001.131939324905446238286154504249
091,1.3.6.1.4.1.14519.5.2.1.6279.6001.132817748896065918417924920957
092,1.3.6.1.4.1.14519.5.2.1.6279.6001.133132722052053001903031735878
093,1.3.6.1.4.1.14519.5.2.1.6279.6001.133378195429627807109985347209
094,1.3.6.1.4.1.14519.5.2.1.6279.6001.134370886216012873213579659366
095,1.3.6.1.4.1.14519.5.2.1.6279.6001.134519406153127654901640638633
096,1.3.6.1.4.1.14519.5.2.1.6279.6001.134638281277099121660656324702
097,1.3.6.1.4.1.14519.5.2.1.6279.6001.134996872583497382954024478441
098,1.3.6.1.4.1.14519.5.2.1.6279.6001.135657246677982059395844827629
099,1.3.6.1.4.1.14519.5.2.1.6279.6001.136830368929967292376608088362
100,1.3.6.1.4.1.14519.5.2.1.6279.6001.137375498893536422914241295628
101,1.3.6.1.4.1.14519.5.2.1.6279.6001.137763212752154081977261297097
102,1.3.6.1.4.1.14519.5.2.1.6279.6001.137773550852881583165286615668
103,1.3.6.1.4.1.14519.5.2.1.6279.6001.138080888843357047811238713686
104,1.3.6.1.4.1.14519.5.2.1.6279.6001.138674679709964033277400089532
105,1.3.6.1.4.1.14519.5.2.1.6279.6001.138813197521718693188313387015
106,1.3.6.1.4.1.14519.5.2.1.6279.6001.138894439026794145866157853158
107,1.3.6.1.4.1.14519.5.2.1.6279.6001.138904664700896606480369521124
108,1.3.6.1.4.1.14519.5.2.1.6279.6001.139258777898746693365877042411
109,1.3.6.1.4.1.14519.5.2.1.6279.6001.139444426690868429919252698606
110,1.3.6.1.4.1.14519.5.2.1.6279.6001.139577698050713461261415990027
111,1.3.6.1.4.1.14519.5.2.1.6279.6001.139595277234735528205899724196
112,1.3.6.1.4.1.14519.5.2.1.6279.6001.139713436241461669335487719526
113,1.3.6.1.4.1.14519.5.2.1.6279.6001.139889514693390832525232698200
114,1.3.6.1.4.1.14519.5.2.1.6279.6001.140239815496047437552471323962
115,1.3.6.1.4.1.14519.5.2.1.6279.6001.140253591510022414496468423138
116,1.3.6.1.4.1.14519.5.2.1.6279.6001.140527383975300992150799777603
117,1.3.6.1.4.1.14519.5.2.1.6279.6001.141069661700670042960678408762
118,1.3.6.1.4.1.14519.5.2.1.6279.6001.141149610914910880857802344415
119,1.3.6.1.4.1.14519.5.2.1.6279.6001.141345499716190654505508410197
120,1.3.6.1.4.1.14519.5.2.1.6279.6001.141430002307216644912805017227
121,1.3.6.1.4.1.14519.5.2.1.6279.6001.141511313712034597336182402384
122,1.3.6.1.4.1.14519.5.2.1.6279.6001.142154819868944114554521645782
123,1.3.6.1.4.1.14519.5.2.1.6279.6001.142485715518010940961688015191
124,1.3.6.1.4.1.14519.5.2.1.6279.6001.143410010885830403003179808334
125,1.3.6.1.4.1.14519.5.2.1.6279.6001.143412474064515942785157561636
126,1.3.6.1.4.1.14519.5.2.1.6279.6001.143622857676008763729469324839
127,1.3.6.1.4.1.14519.5.2.1.6279.6001.143782059748737055784173697516
128,1.3.6.1.4.1.14519.5.2.1.6279.6001.143813757344903170810482790787
129,1.3.6.1.4.1.14519.5.2.1.6279.6001.144438612068946916340281098509
130,1.3.6.1.4.1.14519.5.2.1.6279.6001.144883090372691745980459537053
131,1.3.6.1.4.1.14519.5.2.1.6279.6001.144943344795414353192059796098
132,1.3.6.1.4.1.14519.5.2.1.6279.6001.145283812746259413053188838096
133,1.3.6.1.4.1.14519.5.2.1.6279.6001.145474881373882284343459153872
134,1.3.6.1.4.1.14519.5.2.1.6279.6001.145510611155363050427743946446
135,1.3.6.1.4.1.14519.5.2.1.6279.6001.145759169833745025756371695397
136,1.3.6.1.4.1.14519.5.2.1.6279.6001.146429221666426688999739595820
137,1.3.6.1.4.1.14519.5.2.1.6279.6001.146603910507557786636779705509
138,1.3.6.1.4.1.14519.5.2.1.6279.6001.146987333806092287055399155268
139,1.3.6.1.4.1.14519.5.2.1.6279.6001.147250707071097813243473865421
140,1.3.6.1.4.1.14519.5.2.1.6279.6001.147325126373007278009743173696
141,1.3.6.1.4.1.14519.5.2.1.6279.6001.148229375703208214308676934766
142,1.3.6.1.4.1.14519.5.2.1.6279.6001.148447286464082095534651426689
143,1.3.6.1.4.1.14519.5.2.1.6279.6001.148935306123327835217659769212
144,1.3.6.1.4.1.14519.5.2.1.6279.6001.149041668385192796520281592139
145,1.3.6.1.4.1.14519.5.2.1.6279.6001.149463915556499304732434215056
146,1.3.6.1.4.1.14519.5.2.1.6279.6001.149893110752986700464921264055
147,1.3.6.1.4.1.14519.5.2.1.6279.6001.150097650621090951325113116280
148,1.3.6.1.4.1.14519.5.2.1.6279.6001.150684298696437181894923266019
149,1.3.6.1.4.1.14519.5.2.1.6279.6001.151669338315069779994664893123
150,1.3.6.1.4.1.14519.5.2.1.6279.6001.151764021165118974848436095034
151,1.3.6.1.4.1.14519.5.2.1.6279.6001.152684536713461901635595118048
152,1.3.6.1.4.1.14519.5.2.1.6279.6001.152706273988004688708784163325
153,1.3.6.1.4.1.14519.5.2.1.6279.6001.153181766344026020914478182395
154,1.3.6.1.4.1.14519.5.2.1.6279.6001.153536305742006952753134773630
155,1.3.6.1.4.1.14519.5.2.1.6279.6001.153646219551578201092527860224
156,1.3.6.1.4.1.14519.5.2.1.6279.6001.153732973534937692357111055819
157,1.3.6.1.4.1.14519.5.2.1.6279.6001.153985109349433321657655488650
158,1.3.6.1.4.1.14519.5.2.1.6279.6001.154677396354641150280013275227
159,1.3.6.1.4.1.14519.5.2.1.6279.6001.154703816225841204080664115280
160,1.3.6.1.4.1.14519.5.2.1.6279.6001.154837327827713479309898027966
161,1.3.6.1.4.1.14519.5.2.1.6279.6001.156016499715048493339281864474
162,1.3.6.1.4.1.14519.5.2.1.6279.6001.156322145453198768801776721493
163,1.3.6.1.4.1.14519.5.2.1.6279.6001.156579001330474859527530187095
164,1.3.6.1.4.1.14519.5.2.1.6279.6001.156821379677057223126714881626
165,1.3.6.1.4.1.14519.5.2.1.6279.6001.159521777966998275980367008904
166,1.3.6.1.4.1.14519.5.2.1.6279.6001.159665703190517688573100822213
167,1.3.6.1.4.1.14519.5.2.1.6279.6001.159996104466052855396410079250
168,1.3.6.1.4.1.14519.5.2.1.6279.6001.160124400349792614505500125883
169,1.3.6.1.4.1.14519.5.2.1.6279.6001.160216916075817913953530562493
170,1.3.6.1.4.1.14519.5.2.1.6279.6001.160586340600816116143631200450
171,1.3.6.1.4.1.14519.5.2.1.6279.6001.161002239822118346732951898613
172,1.3.6.1.4.1.14519.5.2.1.6279.6001.161067514225109999586362698069
173,1.3.6.1.4.1.14519.5.2.1.6279.6001.161073793312426102774780216551
174,1.3.6.1.4.1.14519.5.2.1.6279.6001.161633200801003804714818844696
175,1.3.6.1.4.1.14519.5.2.1.6279.6001.161821150841552408667852639317
176,1.3.6.1.4.1.14519.5.2.1.6279.6001.161855583909753609742728521805
177,1.3.6.1.4.1.14519.5.2.1.6279.6001.162207236104936931957809623059
178,1.3.6.1.4.1.14519.5.2.1.6279.6001.162351539386551708034407968929
179,1.3.6.1.4.1.14519.5.2.1.6279.6001.162718361851587451505896742103
180,1.3.6.1.4.1.14519.5.2.1.6279.6001.162845309248822193437735868939
181,1.3.6.1.4.1.14519.5.2.1.6279.6001.162901839201654862079549658100
182,1.3.6.1.4.1.14519.5.2.1.6279.6001.163217526257871051722166468085
183,1.3.6.1.4.1.14519.5.2.1.6279.6001.163901773171373940247829492387
184,1.3.6.1.4.1.14519.5.2.1.6279.6001.163931625580639955914619627409
185,1.3.6.1.4.1.14519.5.2.1.6279.6001.163994693532965040247348251579
186,1.3.6.1.4.1.14519.5.2.1.6279.6001.164790817284381538042494285101
187,1.3.6.1.4.1.14519.5.2.1.6279.6001.164988920331211858091402361989
188,1.3.6.1.4.1.14519.5.2.1.6279.6001.167237290696350215427953159586
189,1.3.6.1.4.1.14519.5.2.1.6279.6001.167500254299688235071950909530
190,1.3.6.1.4.1.14519.5.2.1.6279.6001.167661207884826429102690781600
191,1.3.6.1.4.1.14519.5.2.1.6279.6001.167919147233131417984739058859
192,1.3.6.1.4.1.14519.5.2.1.6279.6001.168037818448885856452592057286
193,1.3.6.1.4.1.14519.5.2.1.6279.6001.168605638657404145360275453085
194,1.3.6.1.4.1.14519.5.2.1.6279.6001.168737928729363683423228050295
195,1.3.6.1.4.1.14519.5.2.1.6279.6001.168833925301530155818375859047
196,1.3.6.1.4.1.14519.5.2.1.6279.6001.168985655485163461062675655739
197,1.3.6.1.4.1.14519.5.2.1.6279.6001.169128136262002764211589185953
198,1.3.6.1.4.1.14519.5.2.1.6279.6001.170052181746004939527661217512
199,1.3.6.1.4.1.14519.5.2.1.6279.6001.170706757615202213033480003264
200,1.3.6.1.4.1.14519.5.2.1.6279.6001.170825539570536865106681134236
201,1.3.6.1.4.1.14519.5.2.1.6279.6001.170921541362033046216100409521
202,1.3.6.1.4.1.14519.5.2.1.6279.6001.171177995014336749670107905732
203,1.3.6.1.4.1.14519.5.2.1.6279.6001.171667800241622018839592854574
204,1.3.6.1.4.1.14519.5.2.1.6279.6001.171682845383273105440297561095
205,1.3.6.1.4.1.14519.5.2.1.6279.6001.171919524048654494439256263785
206,1.3.6.1.4.1.14519.5.2.1.6279.6001.172243743899615313644757844726
207,1.3.6.1.4.1.14519.5.2.1.6279.6001.172573195301625265149778785969
208,1.3.6.1.4.1.14519.5.2.1.6279.6001.172845185165807139298420209778
209,1.3.6.1.4.1.14519.5.2.1.6279.6001.173101104804533997398137418032
210,1.3.6.1.4.1.14519.5.2.1.6279.6001.173106154739244262091404659845
211,1.3.6.1.4.1.14519.5.2.1.6279.6001.173556680294801532247454313511
212,1.3.6.1.4.1.14519.5.2.1.6279.6001.173931884906244951746140865701
213,1.3.6.1.4.1.14519.5.2.1.6279.6001.174168737938619557573021395302
214,1.3.6.1.4.1.14519.5.2.1.6279.6001.174449669706458092793093760291
215,1.3.6.1.4.1.14519.5.2.1.6279.6001.174692377730646477496286081479
216,1.3.6.1.4.1.14519.5.2.1.6279.6001.174907798609768549012640380786
217,1.3.6.1.4.1.14519.5.2.1.6279.6001.174935793360491516757154875981
218,1.3.6.1.4.1.14519.5.2.1.6279.6001.175318131822744218104175746898
219,1.3.6.1.4.1.14519.5.2.1.6279.6001.176030616406569931557298712518
220,1.3.6.1.4.1.14519.5.2.1.6279.6001.176362912420491262783064585333
221,1.3.6.1.4.1.14519.5.2.1.6279.6001.176638348958425792989125209419
222,1.3.6.1.4.1.14519.5.2.1.6279.6001.176869045992276345870480098568
223,1.3.6.1.4.1.14519.5.2.1.6279.6001.177086402277715068525592995222
224,1.3.6.1.4.1.14519.5.2.1.6279.6001.177252583002664900748714851615
225,1.3.6.1.4.1.14519.5.2.1.6279.6001.177685820605315926524514718990
226,1.3.6.1.4.1.14519.5.2.1.6279.6001.177785764461425908755977367558
227,1.3.6.1.4.1.14519.5.2.1.6279.6001.177888806135892723698313903329
228,1.3.6.1.4.1.14519.5.2.1.6279.6001.177985905159808659201278495182
229,1.3.6.1.4.1.14519.5.2.1.6279.6001.178391668569567816549737454720
230,1.3.6.1.4.1.14519.5.2.1.6279.6001.178680586845223339579041794709
231,1.3.6.1.4.1.14519.5.2.1.6279.6001.179049373636438705059720603192
232,1.3.6.1.4.1.14519.5.2.1.6279.6001.179162671133894061547290922949
233,1.3.6.1.4.1.14519.5.2.1.6279.6001.179209990684978588019929720099
234,1.3.6.1.4.1.14519.5.2.1.6279.6001.179683407589764683292800449011
235,1.3.6.1.4.1.14519.5.2.1.6279.6001.179730018513720561213088132029
236,1.3.6.1.4.1.14519.5.2.1.6279.6001.179943248049071805421192715219
237,1.3.6.1.4.1.14519.5.2.1.6279.6001.182192086929819295877506541021
238,1.3.6.1.4.1.14519.5.2.1.6279.6001.182798854785392200340436516930
239,1.3.6.1.4.1.14519.5.2.1.6279.6001.183056151780567460322586876100
240,1.3.6.1.4.1.14519.5.2.1.6279.6001.183184435049555024219115904825
241,1.3.6.1.4.1.14519.5.2.1.6279.6001.183843376225716802567192412456
242,1.3.6.1.4.1.14519.5.2.1.6279.6001.183924380327950237519832859527
243,1.3.6.1.4.1.14519.5.2.1.6279.6001.183982839679953938397312236359
244,1.3.6.1.4.1.14519.5.2.1.6279.6001.184019785706727365023450012318
245,1.3.6.1.4.1.14519.5.2.1.6279.6001.184412674007117333405073397832
246,1.3.6.1.4.1.14519.5.2.1.6279.6001.185154482385982570363528682299
247,1.3.6.1.4.1.14519.5.2.1.6279.6001.185226274332527104841463955058
248,1.3.6.1.4.1.14519.5.2.1.6279.6001.186021279664749879526003668137
249,1.3.6.1.4.1.14519.5.2.1.6279.6001.187108608022306504546286626125
250,1.3.6.1.4.1.14519.5.2.1.6279.6001.187451715205085403623595258748
251,1.3.6.1.4.1.14519.5.2.1.6279.6001.187694838527128312070807533473
252,1.3.6.1.4.1.14519.5.2.1.6279.6001.187803155574314810830688534991
253,1.3.6.1.4.1.14519.5.2.1.6279.6001.187966156856911682643615997798
254,1.3.6.1.4.1.14519.5.2.1.6279.6001.188059920088313909273628445208
255,1.3.6.1.4.1.14519.5.2.1.6279.6001.188209889686363159853715266493
256,1.3.6.1.4.1.14519.5.2.1.6279.6001.188265424231150847356515802868
257,1.3.6.1.4.1.14519.5.2.1.6279.6001.188376349804761988217597754952
258,1.3.6.1.4.1.14519.5.2.1.6279.6001.188385286346390202873004762827
259,1.3.6.1.4.1.14519.5.2.1.6279.6001.188484197846284733942365679565
260,1.3.6.1.4.1.14519.5.2.1.6279.6001.188619674701053082195613114069
261,1.3.6.1.4.1.14519.5.2.1.6279.6001.189483585244687808087477024767
262,1.3.6.1.4.1.14519.5.2.1.6279.6001.190144948425835566841437565646
263,1.3.6.1.4.1.14519.5.2.1.6279.6001.190298296009658115773239776160
264,1.3.6.1.4.1.14519.5.2.1.6279.6001.190937805243443708408459490152
265,1.3.6.1.4.1.14519.5.2.1.6279.6001.191266041369462391833537519639
266,1.3.6.1.4.1.14519.5.2.1.6279.6001.191301539558980174217770205256
267,1.3.6.1.4.1.14519.5.2.1.6279.6001.191617711875409989053242965150
268,1.3.6.1.4.1.14519.5.2.1.6279.6001.192256506776434538421891524301
269,1.3.6.1.4.1.14519.5.2.1.6279.6001.192419869605596446455526220766
270,1.3.6.1.4.1.14519.5.2.1.6279.6001.193408384740507320589857096592
271,1.3.6.1.4.1.14519.5.2.1.6279.6001.193721075067404532739943086458
272,1.3.6.1.4.1.14519.5.2.1.6279.6001.193808128386712859512130599234
273,1.3.6.1.4.1.14519.5.2.1.6279.6001.193964947698259739624715468431
274,1.3.6.1.4.1.14519.5.2.1.6279.6001.194246472548954252250399902051
275,1.3.6.1.4.1.14519.5.2.1.6279.6001.194440094986948071643661798326
276,1.3.6.1.4.1.14519.5.2.1.6279.6001.194465340552956447447896167830
277,1.3.6.1.4.1.14519.5.2.1.6279.6001.194488534645348916700259325236
278,1.3.6.1.4.1.14519.5.2.1.6279.6001.194632613233275988184244485809
279,1.3.6.1.4.1.14519.5.2.1.6279.6001.194766721609772924944646251928
280,1.3.6.1.4.1.14519.5.2.1.6279.6001.195557219224169985110295082004
281,1.3.6.1.4.1.14519.5.2.1.6279.6001.195913706607582347421429908613
282,1.3.6.1.4.1.14519.5.2.1.6279.6001.196251645377731223510086726530
283,1.3.6.1.4.1.14519.5.2.1.6279.6001.197063290812663596858124411210
284,1.3.6.1.4.1.14519.5.2.1.6279.6001.197987940182806628828566429132
285,1.3.6.1.4.1.14519.5.2.1.6279.6001.198016798894102791158686961192
286,1.3.6.1.4.1.14519.5.2.1.6279.6001.198698492013538481395497694975
287,1.3.6.1.4.1.14519.5.2.1.6279.6001.199069398344356765037879821616
288,1.3.6.1.4.1.14519.5.2.1.6279.6001.199171741859530285887752432478
289,1.3.6.1.4.1.14519.5.2.1.6279.6001.199220738144407033276946096708
290,1.3.6.1.4.1.14519.5.2.1.6279.6001.199261544234308780356714831537
291,1.3.6.1.4.1.14519.5.2.1.6279.6001.199282854229880908602362094937
292,1.3.6.1.4.1.14519.5.2.1.6279.6001.199670099218798685977406484591
293,1.3.6.1.4.1.14519.5.2.1.6279.6001.199975006921901879512837687266
294,1.3.6.1.4.1.14519.5.2.1.6279.6001.200513183558872708878454294671
295,1.3.6.1.4.1.14519.5.2.1.6279.6001.200558451375970945040979397866
296,1.3.6.1.4.1.14519.5.2.1.6279.6001.200725988589959521302320481687
297,1.3.6.1.4.1.14519.5.2.1.6279.6001.200837896655745926888305239398
298,1.3.6.1.4.1.14519.5.2.1.6279.6001.200841000324240313648595016964
299,1.3.6.1.4.1.14519.5.2.1.6279.6001.201890795870532056891161597218
300,1.3.6.1.4.1.14519.5.2.1.6279.6001.202187810895588720702176009630
301,1.3.6.1.4.1.14519.5.2.1.6279.6001.202283133206014258077705539227
302,1.3.6.1.4.1.14519.5.2.1.6279.6001.202464973819273687476049035824
303,1.3.6.1.4.1.14519.5.2.1.6279.6001.202476538079060560282495099956
304,1.3.6.1.4.1.14519.5.2.1.6279.6001.202643836890896697853521610450
305,1.3.6.1.4.1.14519.5.2.1.6279.6001.202811684116768680758082619196
306,1.3.6.1.4.1.14519.5.2.1.6279.6001.203179378754043776171267611064
307,1.3.6.1.4.1.14519.5.2.1.6279.6001.203425588524695836343069893813
308,1.3.6.1.4.1.14519.5.2.1.6279.6001.203741923654363010377298352671
309,1.3.6.1.4.1.14519.5.2.1.6279.6001.204287915902811325371247860532
310,1.3.6.1.4.1.14519.5.2.1.6279.6001.204303454658845815034433453512
311,1.3.6.1.4.1.14519.5.2.1.6279.6001.204566802718283633558802774757
312,1.3.6.1.4.1.14519.5.2.1.6279.6001.204802250386343794613980417281
313,1.3.6.1.4.1.14519.5.2.1.6279.6001.205523326998654833765855998037
314,1.3.6.1.4.1.14519.5.2.1.6279.6001.205615524269596458818376243313
315,1.3.6.1.4.1.14519.5.2.1.6279.6001.205852555362702089950453265567
316,1.3.6.1.4.1.14519.5.2.1.6279.6001.205993750485568250373835565680
317,1.3.6.1.4.1.14519.5.2.1.6279.6001.206028343897359374907954580114
318,1.3.6.1.4.1.14519.5.2.1.6279.6001.206097113343059612247503064658
319,1.3.6.1.4.1.14519.5.2.1.6279.6001.206539885154775002929031534291
320,1.3.6.1.4.1.14519.5.2.1.6279.6001.207341668080525761926965850679
321,1.3.6.1.4.1.14519.5.2.1.6279.6001.208511362832825683639135205368
322,1.3.6.1.4.1.14519.5.2.1.6279.6001.208737629504245244513001631764
323,1.3.6.1.4.1.14519.5.2.1.6279.6001.209269973797560820442292189762
324,1.3.6.1.4.1.14519.5.2.1.6279.6001.210426531621179400035178209430
325,1.3.6.1.4.1.14519.5.2.1.6279.6001.210837812047373739447725050963
326,1.3.6.1.4.1.14519.5.2.1.6279.6001.211051626197585058967163339846
327,1.3.6.1.4.1.14519.5.2.1.6279.6001.211071908915618528829547301883
328,1.3.6.1.4.1.14519.5.2.1.6279.6001.211956804948320236390242845468
329,1.3.6.1.4.1.14519.5.2.1.6279.6001.212346425055214308006918165305
330,1.3.6.1.4.1.14519.5.2.1.6279.6001.212608679077007918190529579976
331,1.3.6.1.4.1.14519.5.2.1.6279.6001.213022585153512920098588556742
332,1.3.6.1.4.1.14519.5.2.1.6279.6001.213140617640021803112060161074
333,1.3.6.1.4.1.14519.5.2.1.6279.6001.213854687290736562463866711534
334,1.3.6.1.4.1.14519.5.2.1.6279.6001.214252223927572015414741039150
335,1.3.6.1.4.1.14519.5.2.1.6279.6001.214800939017429618305208626314
336,1.3.6.1.4.1.14519.5.2.1.6279.6001.215086589927307766627151367533
337,1.3.6.1.4.1.14519.5.2.1.6279.6001.215104063467523905369326175410
338,1.3.6.1.4.1.14519.5.2.1.6279.6001.215640837032688688030770057224
339,1.3.6.1.4.1.14519.5.2.1.6279.6001.215785045378334625097907422785
340,1.3.6.1.4.1.14519.5.2.1.6279.6001.216252660192313507027754194207
341,1.3.6.1.4.1.14519.5.2.1.6279.6001.216526102138308489357443843021
342,1.3.6.1.4.1.14519.5.2.1.6279.6001.216652640878960522552873394709
343,1.3.6.1.4.1.14519.5.2.1.6279.6001.216882370221919561230873289517
344,1.3.6.1.4.1.14519.5.2.1.6279.6001.217589936421986638139451480826
345,1.3.6.1.4.1.14519.5.2.1.6279.6001.217697417596902141600884006982
346,1.3.6.1.4.1.14519.5.2.1.6279.6001.217754016294471278921686508169
347,1.3.6.1.4.1.14519.5.2.1.6279.6001.217955041973656886482758642958
348,1.3.6.1.4.1.14519.5.2.1.6279.6001.218476624578721885561483687176
349,1.3.6.1.4.1.14519.5.2.1.6279.6001.219087313261026510628926082729
350,1.3.6.1.4.1.14519.5.2.1.6279.6001.219254430927834326484477690403
351,1.3.6.1.4.1.14519.5.2.1.6279.6001.219281726101239572270900838145
352,1.3.6.1.4.1.14519.5.2.1.6279.6001.219349715895470349269596532320
353,1.3.6.1.4.1.14519.5.2.1.6279.6001.219428004988664846407984058588
354,1.3.6.1.4.1.14519.5.2.1.6279.6001.219618492426142913407827034169
355,1.3.6.1.4.1.14519.5.2.1.6279.6001.219909753224298157409438012179
356,1.3.6.1.4.1.14519.5.2.1.6279.6001.220205300714852483483213840572
357,1.3.6.1.4.1.14519.5.2.1.6279.6001.220596530836092324070084384692
358,1.3.6.1.4.1.14519.5.2.1.6279.6001.221017801605543296514746423389
359,1.3.6.1.4.1.14519.5.2.1.6279.6001.221945191226273284587353530424
360,1.3.6.1.4.1.14519.5.2.1.6279.6001.222052723822248889877676736332
361,1.3.6.1.4.1.14519.5.2.1.6279.6001.222087811960706096424718056430
362,1.3.6.1.4.1.14519.5.2.1.6279.6001.223098610241551815995595311693
363,1.3.6.1.4.1.14519.5.2.1.6279.6001.223650122819238796121876338881
364,1.3.6.1.4.1.14519.5.2.1.6279.6001.224465398054769500989828256685
365,1.3.6.1.4.1.14519.5.2.1.6279.6001.225154811831720426832024114593
366,1.3.6.1.4.1.14519.5.2.1.6279.6001.225227615446398900698431118292
367,1.3.6.1.4.1.14519.5.2.1.6279.6001.225515255547637437801620523312
368,1.3.6.1.4.1.14519.5.2.1.6279.6001.226152078193253087875725735761
369,1.3.6.1.4.1.14519.5.2.1.6279.6001.226383054119800793308721198594
370,1.3.6.1.4.1.14519.5.2.1.6279.6001.226456162308124493341905600418
371,1.3.6.1.4.1.14519.5.2.1.6279.6001.226564372605239604660221582288
372,1.3.6.1.4.1.14519.5.2.1.6279.6001.226889213794065160713547677129
373,1.3.6.1.4.1.14519.5.2.1.6279.6001.227707494413800460340110762069
374,1.3.6.1.4.1.14519.5.2.1.6279.6001.227796349777753378641347819780
375,1.3.6.1.4.1.14519.5.2.1.6279.6001.227885601428639043345478571594
376,1.3.6.1.4.1.14519.5.2.1.6279.6001.227962600322799211676960828223
377,1.3.6.1.4.1.14519.5.2.1.6279.6001.227968442353440630355230778531
378,1.3.6.1.4.1.14519.5.2.1.6279.6001.228511122591230092662900221600
379,1.3.6.1.4.1.14519.5.2.1.6279.6001.228934821089041845791238006047
380,1.3.6.1.4.1.14519.5.2.1.6279.6001.229096941293122177107846044795
381,1.3.6.1.4.1.14519.5.2.1.6279.6001.229171189693734694696158152904
382,1.3.6.1.4.1.14519.5.2.1.6279.6001.229664630348267553620068691756
383,1.3.6.1.4.1.14519.5.2.1.6279.6001.229860476925100292554329427970
384,1.3.6.1.4.1.14519.5.2.1.6279.6001.229960820686439513664996214638
385,1.3.6.1.4.1.14519.5.2.1.6279.6001.230078008964732806419498631442
386,1.3.6.1.4.1.14519.5.2.1.6279.6001.230416590143922549745658357505
387,1.3.6.1.4.1.14519.5.2.1.6279.6001.230491296081537726468075344411
388,1.3.6.1.4.1.14519.5.2.1.6279.6001.230675342744370103160629638194
389,1.3.6.1.4.1.14519.5.2.1.6279.6001.231002159523969307155990628066
390,1.3.6.1.4.1.14519.5.2.1.6279.6001.231645134739451754302647733304
391,1.3.6.1.4.1.14519.5.2.1.6279.6001.231834776365874788440767645596
392,1.3.6.1.4.1.14519.5.2.1.6279.6001.232011770495640253949434620907
393,1.3.6.1.4.1.14519.5.2.1.6279.6001.232058316950007760548968840196
394,1.3.6.1.4.1.14519.5.2.1.6279.6001.232071262560365924176679652948
395,1.3.6.1.4.1.14519.5.2.1.6279.6001.233001470265230594739708503198
396,1.3.6.1.4.1.14519.5.2.1.6279.6001.233433352108264931671753343044
397,1.3.6.1.4.1.14519.5.2.1.6279.6001.233652865358649579816568545171
398,1.3.6.1.4.1.14519.5.2.1.6279.6001.234400932423244218697302970157
399,1.3.6.1.4.1.14519.5.2.1.6279.6001.235217371152464582553341729176
400,1.3.6.1.4.1.14519.5.2.1.6279.6001.235364978775280910367690540811
401,1.3.6.1.4.1.14519.5.2.1.6279.6001.236698827306171960683086245994
402,1.3.6.1.4.1.14519.5.2.1.6279.6001.237215747217294006286437405216
403,1.3.6.1.4.1.14519.5.2.1.6279.6001.237428977311365557972720635401
404,1.3.6.1.4.1.14519.5.2.1.6279.6001.237915456403882324748189195892
405,1.3.6.1.4.1.14519.5.2.1.6279.6001.238019241099704094018548301753
406,1.3.6.1.4.1.14519.5.2.1.6279.6001.238042459915048190592571019348
407,1.3.6.1.4.1.14519.5.2.1.6279.6001.238522526736091851696274044574
408,1.3.6.1.4.1.14519.5.2.1.6279.6001.238855414831158993232534884296
409,1.3.6.1.4.1.14519.5.2.1.6279.6001.239358021703233250639913775427
410,1.3.6.1.4.1.14519.5.2.1.6279.6001.240630002689062442926543993263
411,1.3.6.1.4.1.14519.5.2.1.6279.6001.240969450540588211676803094518
412,1.3.6.1.4.1.14519.5.2.1.6279.6001.241083615484551649610616348856
413,1.3.6.1.4.1.14519.5.2.1.6279.6001.241570579760883349458693655367
414,1.3.6.1.4.1.14519.5.2.1.6279.6001.241717018262666382493757419144
415,1.3.6.1.4.1.14519.5.2.1.6279.6001.242624386080831911167122628616
416,1.3.6.1.4.1.14519.5.2.1.6279.6001.242761658169703141430370511586
417,1.3.6.1.4.1.14519.5.2.1.6279.6001.243094273518213382155770295147
418,1.3.6.1.4.1.14519.5.2.1.6279.6001.244204120220889433826451158706
419,1.3.6.1.4.1.14519.5.2.1.6279.6001.244442540088515471945035689377
420,1.3.6.1.4.1.14519.5.2.1.6279.6001.244447966386688625240438849169
421,1.3.6.1.4.1.14519.5.2.1.6279.6001.244590453955380448651329424024
422,1.3.6.1.4.1.14519.5.2.1.6279.6001.244681063194071446501270815660
423,1.3.6.1.4.1.14519.5.2.1.6279.6001.245248446973732759194067808002
424,1.3.6.1.4.1.14519.5.2.1.6279.6001.245349763807614756148761326488
425,1.3.6.1.4.1.14519.5.2.1.6279.6001.245391706475696258069508046497
426,1.3.6.1.4.1.14519.5.2.1.6279.6001.245546033414728092794968890929
427,1.3.6.1.4.1.14519.5.2.1.6279.6001.246178337114401749164850220976
428,1.3.6.1.4.1.14519.5.2.1.6279.6001.246225645401227472829175288633
429,1.3.6.1.4.1.14519.5.2.1.6279.6001.246589849815292078281051154201
430,1.3.6.1.4.1.14519.5.2.1.6279.6001.246758220302211646532176593724
431,1.3.6.1.4.1.14519.5.2.1.6279.6001.247060297988514823071467295949
432,1.3.6.1.4.1.14519.5.2.1.6279.6001.247769845138587733933485039556
433,1.3.6.1.4.1.14519.5.2.1.6279.6001.247816269490470394602288565775
434,1.3.6.1.4.1.14519.5.2.1.6279.6001.248357157975955379661896491341
435,1.3.6.1.4.1.14519.5.2.1.6279.6001.248360766706804179966476685510
436,1.3.6.1.4.1.14519.5.2.1.6279.6001.248425363469507808613979846863
437,1.3.6.1.4.1.14519.5.2.1.6279.6001.249032660919473722154870746474
438,1.3.6.1.4.1.14519.5.2.1.6279.6001.249314567767437206995861966896
439,1.3.6.1.4.1.14519.5.2.1.6279.6001.249404938669582150398726875826
440,1.3.6.1.4.1.14519.5.2.1.6279.6001.249450003033735700817635168066
441,1.3.6.1.4.1.14519.5.2.1.6279.6001.249530219848512542668813996730
442,1.3.6.1.4.1.14519.5.2.1.6279.6001.250397690690072950000431855143
443,1.3.6.1.4.1.14519.5.2.1.6279.6001.250438451287314206124484591986
444,1.3.6.1.4.1.14519.5.2.1.6279.6001.250481236093201801255751845296
445,1.3.6.1.4.1.14519.5.2.1.6279.6001.250863365157630276148828903732
446,1.3.6.1.4.1.14519.5.2.1.6279.6001.251215764736737018371915284679
447,1.3.6.1.4.1.14519.5.2.1.6279.6001.252358625003143649770119512644
448,1.3.6.1.4.1.14519.5.2.1.6279.6001.252634638822000832774167856951
449,1.3.6.1.4.1.14519.5.2.1.6279.6001.252697338970999211181671881792
450,1.3.6.1.4.1.14519.5.2.1.6279.6001.252709517998555732486024866345
451,1.3.6.1.4.1.14519.5.2.1.6279.6001.252814707117018427472206147014
452,1.3.6.1.4.1.14519.5.2.1.6279.6001.253283426904813468115158375647
453,1.3.6.1.4.1.14519.5.2.1.6279.6001.253317247142837717905329340520
454,1.3.6.1.4.1.14519.5.2.1.6279.6001.253322967203074795232627653819
455,1.3.6.1.4.1.14519.5.2.1.6279.6001.254138388912084634057282064266
456,1.3.6.1.4.1.14519.5.2.1.6279.6001.254254303842550572473665729969
457,1.3.6.1.4.1.14519.5.2.1.6279.6001.254473943359963613733707320244
458,1.3.6.1.4.1.14519.5.2.1.6279.6001.254929810944557499537650429296
459,1.3.6.1.4.1.14519.5.2.1.6279.6001.254957696184671649675053562027
460,1.3.6.1.4.1.14519.5.2.1.6279.6001.255409701134762680010928250229
461,1.3.6.1.4.1.14519.5.2.1.6279.6001.255999614855292116767517149228
462,1.3.6.1.4.1.14519.5.2.1.6279.6001.256542095129414948017808425649
463,1.3.6.1.4.1.14519.5.2.1.6279.6001.257383535269991165447822992959
464,1.3.6.1.4.1.14519.5.2.1.6279.6001.257515388956260258681136624817
465,1.3.6.1.4.1.14519.5.2.1.6279.6001.257840703452266097926250569223
466,1.3.6.1.4.1.14519.5.2.1.6279.6001.258220324170977900491673635112
467,1.3.6.1.4.1.14519.5.2.1.6279.6001.259018373683540453277752706262
468,1.3.6.1.4.1.14519.5.2.1.6279.6001.259123825760999546551970425757
469,1.3.6.1.4.1.14519.5.2.1.6279.6001.259124675432205040899951626253
470,1.3.6.1.4.1.14519.5.2.1.6279.6001.259227883564429312164962953756
471,1.3.6.1.4.1.14519.5.2.1.6279.6001.259453428008507791234730686014
472,1.3.6.1.4.1.14519.5.2.1.6279.6001.259543921154154401875872845498
473,1.3.6.1.4.1.14519.5.2.1.6279.6001.261678072503577216586082745513
474,1.3.6.1.4.1.14519.5.2.1.6279.6001.261700367741314729940340271960
475,1.3.6.1.4.1.14519.5.2.1.6279.6001.262736997975960398949912434623
476,1.3.6.1.4.1.14519.5.2.1.6279.6001.262873069163227096134627700599
477,1.3.6.1.4.1.14519.5.2.1.6279.6001.264090899378396711987322794314
478,1.3.6.1.4.1.14519.5.2.1.6279.6001.264251211689085893915477907261
479,1.3.6.1.4.1.14519.5.2.1.6279.6001.265133389948279331857097127422
480,1.3.6.1.4.1.14519.5.2.1.6279.6001.265453131727473342790950829556
481,1.3.6.1.4.1.14519.5.2.1.6279.6001.265570697208310960298668720669
482,1.3.6.1.4.1.14519.5.2.1.6279.6001.265775376735520890308424143898
483,1.3.6.1.4.1.14519.5.2.1.6279.6001.265780642925621389994857727416
484,1.3.6.1.4.1.14519.5.2.1.6279.6001.265960756233787099041040311282
485,1.3.6.1.4.1.14519.5.2.1.6279.6001.266009527139315622265711325223
486,1.3.6.1.4.1.14519.5.2.1.6279.6001.266581250778073944645044950856
487,1.3.6.1.4.1.14519.5.2.1.6279.6001.267519732763035023633235877753
488,1.3.6.1.4.1.14519.5.2.1.6279.6001.267957701183569638795986183786
489,1.3.6.1.4.1.14519.5.2.1.6279.6001.268030488196493755113553009785
490,1.3.6.1.4.1.14519.5.2.1.6279.6001.268589491017129166376960414534
491,1.3.6.1.4.1.14519.5.2.1.6279.6001.268838889380981659524993261082
492,1.3.6.1.4.1.14519.5.2.1.6279.6001.268992195564407418480563388746
493,1.3.6.1.4.1.14519.5.2.1.6279.6001.269075535958871753309238331179
494,1.3.6.1.4.1.14519.5.2.1.6279.6001.269689294231892620436462818860
495,1.3.6.1.4.1.14519.5.2.1.6279.6001.270152671889301412052226973069
496,1.3.6.1.4.1.14519.5.2.1.6279.6001.270215889102603268207599305185
497,1.3.6.1.4.1.14519.5.2.1.6279.6001.270390050141765094612147226290
498,1.3.6.1.4.1.14519.5.2.1.6279.6001.270788655216695628640355888562
499,1.3.6.1.4.1.14519.5.2.1.6279.6001.270951128717816232360812849541
500,1.3.6.1.4.1.14519.5.2.1.6279.6001.271220641987745483198036913951
501,1.3.6.1.4.1.14519.5.2.1.6279.6001.271307051432838466826189754230
502,1.3.6.1.4.1.14519.5.2.1.6279.6001.272042302501586336192628818865
503,1.3.6.1.4.1.14519.5.2.1.6279.6001.272123398257168239653655006815
504,1.3.6.1.4.1.14519.5.2.1.6279.6001.272190966764020277652079081128
505,1.3.6.1.4.1.14519.5.2.1.6279.6001.272259794130271010519952623746
506,1.3.6.1.4.1.14519.5.2.1.6279.6001.272344603176687884771013620823
507,1.3.6.1.4.1.14519.5.2.1.6279.6001.272348349298439120568330857680
508,1.3.6.1.4.1.14519.5.2.1.6279.6001.272961322147784625028175033640
509,1.3.6.1.4.1.14519.5.2.1.6279.6001.273525289046256012743471155680
510,1.3.6.1.4.1.14519.5.2.1.6279.6001.274052674198758621258447180130
511,1.3.6.1.4.1.14519.5.2.1.6279.6001.275007193025729362844652516689
512,1.3.6.1.4.1.14519.5.2.1.6279.6001.275755514659958628040305922764
513,1.3.6.1.4.1.14519.5.2.1.6279.6001.275766318636944297772360944907
514,1.3.6.1.4.1.14519.5.2.1.6279.6001.275849601663847251574860892603
515,1.3.6.1.4.1.14519.5.2.1.6279.6001.275986221854423197884953496664
516,1.3.6.1.4.1.14519.5.2.1.6279.6001.276351267409869539593937734609
517,1.3.6.1.4.1.14519.5.2.1.6279.6001.276556509002726404418399209377
518,1.3.6.1.4.1.14519.5.2.1.6279.6001.276710697414087561012670296643
519,1.3.6.1.4.1.14519.5.2.1.6279.6001.277445975068759205899107114231
520,1.3.6.1.4.1.14519.5.2.1.6279.6001.277452631455527999380186898011
521,1.3.6.1.4.1.14519.5.2.1.6279.6001.277662902666135640561346462196
522,1.3.6.1.4.1.14519.5.2.1.6279.6001.278010349511857248000260557753
523,1.3.6.1.4.1.14519.5.2.1.6279.6001.278660284797073139172446973682
524,1.3.6.1.4.1.14519.5.2.1.6279.6001.279300249795483097365868125932
525,1.3.6.1.4.1.14519.5.2.1.6279.6001.279953669991076107785464313394
526,1.3.6.1.4.1.14519.5.2.1.6279.6001.280072876841890439628529365478
527,1.3.6.1.4.1.14519.5.2.1.6279.6001.280125803152924778388346920341
528,1.3.6.1.4.1.14519.5.2.1.6279.6001.280972147860943609388015648430
529,1.3.6.1.4.1.14519.5.2.1.6279.6001.281489753704424911132261151767
530,1.3.6.1.4.1.14519.5.2.1.6279.6001.281967919138248195763602360723
531,1.3.6.1.4.1.14519.5.2.1.6279.6001.282512043257574309474415322775
532,1.3.6.1.4.1.14519.5.2.1.6279.6001.282779922503707013097174625409
533,1.3.6.1.4.1.14519.5.2.1.6279.6001.283569726884265181140892667131
534,1.3.6.1.4.1.14519.5.2.1.6279.6001.283733738239331719775105586296
535,1.3.6.1.4.1.14519.5.2.1.6279.6001.283878926524838648426928238498
536,1.3.6.1.4.1.14519.5.2.1.6279.6001.285926554490515269336267972830
537,1.3.6.1.4.1.14519.5.2.1.6279.6001.286061375572911414226912429210
538,1.3.6.1.4.1.14519.5.2.1.6279.6001.286217539434358186648717203667
539,1.3.6.1.4.1.14519.5.2.1.6279.6001.286422846896797433168187085942
540,1.3.6.1.4.1.14519.5.2.1.6279.6001.286627485198831346082954437212
541,1.3.6.1.4.1.14519.5.2.1.6279.6001.286647622786041008124419915089
542,1.3.6.1.4.1.14519.5.2.1.6279.6001.287560874054243719452635194040
543,1.3.6.1.4.1.14519.5.2.1.6279.6001.287966244644280690737019247886
544,1.3.6.1.4.1.14519.5.2.1.6279.6001.288701997968615460794642979503
545,1.3.6.1.4.1.14519.5.2.1.6279.6001.290135156874098366424871975734
546,1.3.6.1.4.1.14519.5.2.1.6279.6001.290410217650314119074833254861
547,1.3.6.1.4.1.14519.5.2.1.6279.6001.291156498203266896953765649282
548,1.3.6.1.4.1.14519.5.2.1.6279.6001.291539125579672469833850180824
549,1.3.6.1.4.1.14519.5.2.1.6279.6001.292049618819567427252971059233
550,1.3.6.1.4.1.14519.5.2.1.6279.6001.292057261351416339496913597985
551,1.3.6.1.4.1.14519.5.2.1.6279.6001.292194861362266467652267941663
552,1.3.6.1.4.1.14519.5.2.1.6279.6001.292576688635952269497781991202
553,1.3.6.1.4.1.14519.5.2.1.6279.6001.292994770358625142596171316474
554,1.3.6.1.4.1.14519.5.2.1.6279.6001.293593766328917170359373773080
555,1.3.6.1.4.1.14519.5.2.1.6279.6001.293757615532132808762625441831
556,1.3.6.1.4.1.14519.5.2.1.6279.6001.294120933998772507043263238704
557,1.3.6.1.4.1.14519.5.2.1.6279.6001.294188507421106424248264912111
558,1.3.6.1.4.1.14519.5.2.1.6279.6001.295298571102631191572192562523
559,1.3.6.1.4.1.14519.5.2.1.6279.6001.295420274214095686326263147663
560,1.3.6.1.4.1.14519.5.2.1.6279.6001.295462530340364058116953738925
561,1.3.6.1.4.1.14519.5.2.1.6279.6001.296066944953051278419805374238
562,1.3.6.1.4.1.14519.5.2.1.6279.6001.296738183013079390785739615169
563,1.3.6.1.4.1.14519.5.2.1.6279.6001.296863826932699509516219450076
564,1.3.6.1.4.1.14519.5.2.1.6279.6001.297251044869095073091780740645
565,1.3.6.1.4.1.14519.5.2.1.6279.6001.297433269262659217151107535012
566,1.3.6.1.4.1.14519.5.2.1.6279.6001.297964221542942838344351735414
567,1.3.6.1.4.1.14519.5.2.1.6279.6001.297988578825170426663869669862
568,1.3.6.1.4.1.14519.5.2.1.6279.6001.299476369290630280560355838785
569,1.3.6.1.4.1.14519.5.2.1.6279.6001.299767339686526858593516834230
570,1.3.6.1.4.1.14519.5.2.1.6279.6001.299806338046301317870803017534
571,1.3.6.1.4.1.14519.5.2.1.6279.6001.300136985030081433029390459071
572,1.3.6.1.4.1.14519.5.2.1.6279.6001.300146276266881736689307479986
573,1.3.6.1.4.1.14519.5.2.1.6279.6001.300246184547502297539521283806
574,1.3.6.1.4.1.14519.5.2.1.6279.6001.300270516469599170290456821227
575,1.3.6.1.4.1.14519.5.2.1.6279.6001.300271604576987336866436407488
576,1.3.6.1.4.1.14519.5.2.1.6279.6001.300392272203629213913702120739
577,1.3.6.1.4.1.14519.5.2.1.6279.6001.300693623747082239407271583452
578,1.3.6.1.4.1.14519.5.2.1.6279.6001.301462380687644451483231621986
579,1.3.6.1.4.1.14519.5.2.1.6279.6001.301582691063019848479942618641
580,1.3.6.1.4.1.14519.5.2.1.6279.6001.302134342469412607966016057827
581,1.3.6.1.4.1.14519.5.2.1.6279.6001.302403227435841351528721627052
582,1.3.6.1.4.1.14519.5.2.1.6279.6001.302557165094691896097534021075
583,1.3.6.1.4.1.14519.5.2.1.6279.6001.303066851236267189733420290986
584,1.3.6.1.4.1.14519.5.2.1.6279.6001.303421828981831854739626597495
585,1.3.6.1.4.1.14519.5.2.1.6279.6001.303865116731361029078599241306
586,1.3.6.1.4.1.14519.5.2.1.6279.6001.304676828064484590312919543151
587,1.3.6.1.4.1.14519.5.2.1.6279.6001.304700823314998198591652152637
588,1.3.6.1.4.1.14519.5.2.1.6279.6001.305858704835252413616501469037
589,1.3.6.1.4.1.14519.5.2.1.6279.6001.305887072264491016857673607285
590,1.3.6.1.4.1.14519.5.2.1.6279.6001.306112617218006614029386065035
591,1.3.6.1.4.1.14519.5.2.1.6279.6001.306140003699110313373771452136
592,1.3.6.1.4.1.14519.5.2.1.6279.6001.306520140119968755187868602181
593,1.3.6.1.4.1.14519.5.2.1.6279.6001.306558074682524259000586270818
594,1.3.6.1.4.1.14519.5.2.1.6279.6001.306788423710427765311352901943
595,1.3.6.1.4.1.14519.5.2.1.6279.6001.306948744223170422945185006551
596,1.3.6.1.4.1.14519.5.2.1.6279.6001.307835307280028057486413359377
597,1.3.6.1.4.1.14519.5.2.1.6279.6001.307921770358136677021532761235
598,1.3.6.1.4.1.14519.5.2.1.6279.6001.307946352302138765071461362398
599,1.3.6.1.4.1.14519.5.2.1.6279.6001.308153138776443962077214577161
600,1.3.6.1.4.1.14519.5.2.1.6279.6001.308183340111270052562662456038
601,1.3.6.1.4.1.14519.5.2.1.6279.6001.308655308958459380153492314021
602,1.3.6.1.4.1.14519.5.2.1.6279.6001.309672797925724868457151381131
603,1.3.6.1.4.1.14519.5.2.1.6279.6001.309901913847714156367981722205
604,1.3.6.1.4.1.14519.5.2.1.6279.6001.309955814083231537823157605135
605,1.3.6.1.4.1.14519.5.2.1.6279.6001.309955999522338651429118207446
606,1.3.6.1.4.1.14519.5.2.1.6279.6001.310395752124284049604069960014
607,1.3.6.1.4.1.14519.5.2.1.6279.6001.310548927038333190233889983845
608,1.3.6.1.4.1.14519.5.2.1.6279.6001.310626494937915759224334597176
609,1.3.6.1.4.1.14519.5.2.1.6279.6001.311236942972970815890902714604
610,1.3.6.1.4.1.14519.5.2.1.6279.6001.311476128731958142981941696518
611,1.3.6.1.4.1.14519.5.2.1.6279.6001.311981398931043315779172047718
612,1.3.6.1.4.1.14519.5.2.1.6279.6001.312127933722985204808706697221
613,1.3.6.1.4.1.14519.5.2.1.6279.6001.312704771348460502013249647868
614,1.3.6.1.4.1.14519.5.2.1.6279.6001.313283554967554803238484128406
615,1.3.6.1.4.1.14519.5.2.1.6279.6001.313334055029671473836954456733
616,1.3.6.1.4.1.14519.5.2.1.6279.6001.313605260055394498989743099991
617,1.3.6.1.4.1.14519.5.2.1.6279.6001.313756547848086902190878548835
618,1.3.6.1.4.1.14519.5.2.1.6279.6001.313835996725364342034830119490
619,1.3.6.1.4.1.14519.5.2.1.6279.6001.314519596680450457855054746285
620,1.3.6.1.4.1.14519.5.2.1.6279.6001.314789075871001236641548593165
621,1.3.6.1.4.1.14519.5.2.1.6279.6001.314836406260772370397541392345
622,1.3.6.1.4.1.14519.5.2.1.6279.6001.315187221221054114974341475212
623,1.3.6.1.4.1.14519.5.2.1.6279.6001.315214756157389122376518747372
624,1.3.6.1.4.1.14519.5.2.1.6279.6001.315770913282450940389971401304
625,1.3.6.1.4.1.14519.5.2.1.6279.6001.315918264676377418120578391325
626,1.3.6.1.4.1.14519.5.2.1.6279.6001.316393351033132458296975008261
627,1.3.6.1.4.1.14519.5.2.1.6279.6001.316900421002460665752357657094
628,1.3.6.1.4.1.14519.5.2.1.6279.6001.316911475886263032009840828684
629,1.3.6.1.4.1.14519.5.2.1.6279.6001.317087518531899043292346860596
630,1.3.6.1.4.1.14519.5.2.1.6279.6001.317613170669207528926259976488
631,1.3.6.1.4.1.14519.5.2.1.6279.6001.319009811633846643966578282371
632,1.3.6.1.4.1.14519.5.2.1.6279.6001.319066480138812986026181758474
633,1.3.6.1.4.1.14519.5.2.1.6279.6001.320111824803959660037459294083
634,1.3.6.1.4.1.14519.5.2.1.6279.6001.320967206808467952819309001585
635,1.3.6.1.4.1.14519.5.2.1.6279.6001.321465552859463184018938648244
636,1.3.6.1.4.1.14519.5.2.1.6279.6001.321935195060268166151738328001
637,1.3.6.1.4.1.14519.5.2.1.6279.6001.323302986710576400812869264321
638,1.3.6.1.4.1.14519.5.2.1.6279.6001.323408652979949774528873200770
639,1.3.6.1.4.1.14519.5.2.1.6279.6001.323426705628838942177546503237
640,1.3.6.1.4.1.14519.5.2.1.6279.6001.323535944958374186208096541480
641,1.3.6.1.4.1.14519.5.2.1.6279.6001.323541312620128092852212458228
642,1.3.6.1.4.1.14519.5.2.1.6279.6001.323753921818102744511069914832
643,1.3.6.1.4.1.14519.5.2.1.6279.6001.323859712968543712594665815359
644,1.3.6.1.4.1.14519.5.2.1.6279.6001.323899724653546164058849558431
645,1.3.6.1.4.1.14519.5.2.1.6279.6001.324290109423920971676288828329
646,1.3.6.1.4.1.14519.5.2.1.6279.6001.324567010179873305471925391582
647,1.3.6.1.4.1.14519.5.2.1.6279.6001.324649110927013926557500550446
648,1.3.6.1.4.1.14519.5.2.1.6279.6001.325164338773720548739146851679
649,1.3.6.1.4.1.14519.5.2.1.6279.6001.325580698241281352835338693869
650,1.3.6.1.4.1.14519.5.2.1.6279.6001.326057189095429101398977448288
651,1.3.6.1.4.1.14519.5.2.1.6279.6001.328695385904874796172316226975
652,1.3.6.1.4.1.14519.5.2.1.6279.6001.328789598898469177563438457842
653,1.3.6.1.4.1.14519.5.2.1.6279.6001.328944769569002417592093467626
654,1.3.6.1.4.1.14519.5.2.1.6279.6001.329326052298830421573852261436
655,1.3.6.1.4.1.14519.5.2.1.6279.6001.329404588567903628160652715124
656,1.3.6.1.4.1.14519.5.2.1.6279.6001.329624439086643515259182406526
657,1.3.6.1.4.1.14519.5.2.1.6279.6001.330043769832606379655473292782
658,1.3.6.1.4.1.14519.5.2.1.6279.6001.330425234131526435132846006585
659,1.3.6.1.4.1.14519.5.2.1.6279.6001.330544495001617450666819906758
660,1.3.6.1.4.1.14519.5.2.1.6279.6001.330643702676971528301859647742
661,1.3.6.1.4.1.14519.5.2.1.6279.6001.331211682377519763144559212009
662,1.3.6.1.4.1.14519.5.2.1.6279.6001.332453873575389860371315979768
663,1.3.6.1.4.1.14519.5.2.1.6279.6001.332829333783605240302521201463
664,1.3.6.1.4.1.14519.5.2.1.6279.6001.333145094436144085379032922488
665,1.3.6.1.4.1.14519.5.2.1.6279.6001.333319057944372470283038483725
666,1.3.6.1.4.1.14519.5.2.1.6279.6001.334022941831199910030220864961
667,1.3.6.1.4.1.14519.5.2.1.6279.6001.334105754605642100456249422350
668,1.3.6.1.4.1.14519.5.2.1.6279.6001.334166493392278943610545989413
669,1.3.6.1.4.1.14519.5.2.1.6279.6001.334184846571549530235084187602
670,1.3.6.1.4.1.14519.5.2.1.6279.6001.334517907433161353885866806005
671,1.3.6.1.4.1.14519.5.2.1.6279.6001.335866409407244673864352309754
672,1.3.6.1.4.1.14519.5.2.1.6279.6001.336102335330125765000317290445
673,1.3.6.1.4.1.14519.5.2.1.6279.6001.336198008634390022174744544656
674,1.3.6.1.4.1.14519.5.2.1.6279.6001.336225579776978874775723463327
675,1.3.6.1.4.1.14519.5.2.1.6279.6001.336894364358709782463716339027
676,1.3.6.1.4.1.14519.5.2.1.6279.6001.337005960787660957389988207064
677,1.3.6.1.4.1.14519.5.2.1.6279.6001.337845202462615014431060697507
678,1.3.6.1.4.1.14519.5.2.1.6279.6001.338104567770715523699587505022
679,1.3.6.1.4.1.14519.5.2.1.6279.6001.338114620394879648539943280992
680,1.3.6.1.4.1.14519.5.2.1.6279.6001.338447145504282422142824032832
681,1.3.6.1.4.1.14519.5.2.1.6279.6001.338875090785618956575597613546
682,1.3.6.1.4.1.14519.5.2.1.6279.6001.339039410276356623209709113755
683,1.3.6.1.4.1.14519.5.2.1.6279.6001.339142594937666268384335506819
684,1.3.6.1.4.1.14519.5.2.1.6279.6001.339484970190920330170416228517
685,1.3.6.1.4.1.14519.5.2.1.6279.6001.339546614783708685476232944897
686,1.3.6.1.4.1.14519.5.2.1.6279.6001.339882192295517122002429068974
687,1.3.6.1.4.1.14519.5.2.1.6279.6001.340012777775661021262977442176
688,1.3.6.1.4.1.14519.5.2.1.6279.6001.340158437895922179455019686521
689,1.3.6.1.4.1.14519.5.2.1.6279.6001.341557859428950960906150406596
690,1.3.6.1.4.1.14519.5.2.1.6279.6001.346115813056769250958550383763
691,1.3.6.1.4.1.14519.5.2.1.6279.6001.362762275895885013176610377950
692,1.3.6.1.4.1.14519.5.2.1.6279.6001.367204840301639918160517361062
693,1.3.6.1.4.1.14519.5.2.1.6279.6001.373433682859788429397781158572
694,1.3.6.1.4.1.14519.5.2.1.6279.6001.385151742584074711135621089321
695,1.3.6.1.4.1.14519.5.2.1.6279.6001.387954549120924524005910602207
696,1.3.6.1.4.1.14519.5.2.1.6279.6001.390009458146468860187238398197
697,1.3.6.1.4.1.14519.5.2.1.6279.6001.390513733720659266816639651938
698,1.3.6.1.4.1.14519.5.2.1.6279.6001.392861216720727557882279374324
699,1.3.6.1.4.1.14519.5.2.1.6279.6001.394470743585708729682444806008
700,1.3.6.1.4.1.14519.5.2.1.6279.6001.395623571499047043765181005112
701,1.3.6.1.4.1.14519.5.2.1.6279.6001.397062004302272014259317520874
702,1.3.6.1.4.1.14519.5.2.1.6279.6001.397202838387416555106806022938
703,1.3.6.1.4.1.14519.5.2.1.6279.6001.397522780537301776672854630421
704,1.3.6.1.4.1.14519.5.2.1.6279.6001.398955972049286139436103068984
705,1.3.6.1.4.1.14519.5.2.1.6279.6001.401389720232123950202941034290
706,1.3.6.1.4.1.14519.5.2.1.6279.6001.404364125369979066736354549484
707,1.3.6.1.4.1.14519.5.2.1.6279.6001.404457313935200882843898832756
708,1.3.6.1.4.1.14519.5.2.1.6279.6001.404768898286087278137462774930
709,1.3.6.1.4.1.14519.5.2.1.6279.6001.413896555982844732694353377538
710,1.3.6.1.4.1.14519.5.2.1.6279.6001.414288023902112119945238126594
711,1.3.6.1.4.1.14519.5.2.1.6279.6001.416701701108520592702405866796
712,1.3.6.1.4.1.14519.5.2.1.6279.6001.417815314896088956784723476543
713,1.3.6.1.4.1.14519.5.2.1.6279.6001.419601611032172899567156073142
714,1.3.6.1.4.1.14519.5.2.1.6279.6001.428038562098395445838061018440
715,1.3.6.1.4.1.14519.5.2.1.6279.6001.430109407146633213496148200410
716,1.3.6.1.4.1.14519.5.2.1.6279.6001.436403998650924660479049012235
717,1.3.6.1.4.1.14519.5.2.1.6279.6001.438308540025607517017949816111
718,1.3.6.1.4.1.14519.5.2.1.6279.6001.439153572396640163898529626096
719,1.3.6.1.4.1.14519.5.2.1.6279.6001.440226700369921575481834344455
720,1.3.6.1.4.1.14519.5.2.1.6279.6001.443400977949406454649939526179
721,1.3.6.1.4.1.14519.5.2.1.6279.6001.447468612991222399440694673357
722,1.3.6.1.4.1.14519.5.2.1.6279.6001.449254134266555649028108149727
723,1.3.6.1.4.1.14519.5.2.1.6279.6001.450501966058662668272378865145
724,1.3.6.1.4.1.14519.5.2.1.6279.6001.454273545863197752384437758130
725,1.3.6.1.4.1.14519.5.2.1.6279.6001.458525794434429386945463560826
726,1.3.6.1.4.1.14519.5.2.1.6279.6001.461155505515403114280165935891
727,1.3.6.1.4.1.14519.5.2.1.6279.6001.463214953282361219537913355115
728,1.3.6.1.4.1.14519.5.2.1.6279.6001.463588161905537526756964393219
729,1.3.6.1.4.1.14519.5.2.1.6279.6001.465032801496479029639448332481
730,1.3.6.1.4.1.14519.5.2.1.6279.6001.466284753932369813717081722101
731,1.3.6.1.4.1.14519.5.2.1.6279.6001.470912100568074901744259213968
732,1.3.6.1.4.1.14519.5.2.1.6279.6001.472487466001405705666001578363
733,1.3.6.1.4.1.14519.5.2.1.6279.6001.475325201787910087416720919680
734,1.3.6.1.4.1.14519.5.2.1.6279.6001.478062284228419671253422844986
735,1.3.6.1.4.1.14519.5.2.1.6279.6001.479402560265137632920333093071
736,1.3.6.1.4.1.14519.5.2.1.6279.6001.481278873893653517789960724156
737,1.3.6.1.4.1.14519.5.2.1.6279.6001.483655032093002252444764787700
738,1.3.6.1.4.1.14519.5.2.1.6279.6001.486999111981013268988489262668
739,1.3.6.1.4.1.14519.5.2.1.6279.6001.487268565754493433372433148666
740,1.3.6.1.4.1.14519.5.2.1.6279.6001.487745546557477250336016826588
741,1.3.6.1.4.1.14519.5.2.1.6279.6001.503980049263254396021509831276
742,1.3.6.1.4.1.14519.5.2.1.6279.6001.504324996863016748259361352296
743,1.3.6.1.4.1.14519.5.2.1.6279.6001.504845428620607044098514803031
744,1.3.6.1.4.1.14519.5.2.1.6279.6001.511347030803753100045216493273
745,1.3.6.1.4.1.14519.5.2.1.6279.6001.513023675145166449943177283490
746,1.3.6.1.4.1.14519.5.2.1.6279.6001.518487185634324801733841260431
747,1.3.6.1.4.1.14519.5.2.1.6279.6001.525937963993475482158828421281
748,1.3.6.1.4.1.14519.5.2.1.6279.6001.534006575256943390479252771547
749,1.3.6.1.4.1.14519.5.2.1.6279.6001.534083630500464995109143618896
750,1.3.6.1.4.1.14519.5.2.1.6279.6001.550599855064600241623943717588
751,1.3.6.1.4.1.14519.5.2.1.6279.6001.553241901808946577644850294647
752,1.3.6.1.4.1.14519.5.2.1.6279.6001.557875302364105947813979213632
753,1.3.6.1.4.1.14519.5.2.1.6279.6001.558286136379689377915919180358
754,1.3.6.1.4.1.14519.5.2.1.6279.6001.561423049201987049884663740668
755,1.3.6.1.4.1.14519.5.2.1.6279.6001.561458563853929400124470098603
756,1.3.6.1.4.1.14519.5.2.1.6279.6001.564534197011295112247542153557
757,1.3.6.1.4.1.14519.5.2.1.6279.6001.566816709786169715745131047975
758,1.3.6.1.4.1.14519.5.2.1.6279.6001.569096986145782511000054443951
759,1.3.6.1.4.1.14519.5.2.1.6279.6001.584871944187559733312703328980
760,1.3.6.1.4.1.14519.5.2.1.6279.6001.592821488053137951302246128864
761,1.3.6.1.4.1.14519.5.2.1.6279.6001.596908385953413160131451426904
762,1.3.6.1.4.1.14519.5.2.1.6279.6001.603126300703296693942875967838
763,1.3.6.1.4.1.14519.5.2.1.6279.6001.603166427542096384265514998412
764,1.3.6.1.4.1.14519.5.2.1.6279.6001.608029415915051219877530734559
765,1.3.6.1.4.1.14519.5.2.1.6279.6001.613212850444255764524630781782
766,1.3.6.1.4.1.14519.5.2.1.6279.6001.614147706162329660656328811671
767,1.3.6.1.4.1.14519.5.2.1.6279.6001.616033753016904899083676284739
768,1.3.6.1.4.1.14519.5.2.1.6279.6001.618434772073433276874225174904
769,1.3.6.1.4.1.14519.5.2.1.6279.6001.619372068417051974713149104919
770,1.3.6.1.4.1.14519.5.2.1.6279.6001.621916089407825046337959219998
771,1.3.6.1.4.1.14519.5.2.1.6279.6001.622243923620914676263059698181
772,1.3.6.1.4.1.14519.5.2.1.6279.6001.624425075947752229712087113746
773,1.3.6.1.4.1.14519.5.2.1.6279.6001.625270601160880745954773142570
774,1.3.6.1.4.1.14519.5.2.1.6279.6001.627998298349675613581885874395
775,1.3.6.1.4.1.14519.5.2.1.6279.6001.631047517458234322522264161877
776,1.3.6.1.4.1.14519.5.2.1.6279.6001.640729228179368154416184318668
777,1.3.6.1.4.1.14519.5.2.1.6279.6001.652347820272212119124022644822
778,1.3.6.1.4.1.14519.5.2.1.6279.6001.655242448149322898770987310561
779,1.3.6.1.4.1.14519.5.2.1.6279.6001.657775098760536289051744981056
780,1.3.6.1.4.1.14519.5.2.1.6279.6001.658611160253017715059194304729
781,1.3.6.1.4.1.14519.5.2.1.6279.6001.663019255629770796363333877035
782,1.3.6.1.4.1.14519.5.2.1.6279.6001.664409965623578819357819577077
783,1.3.6.1.4.1.14519.5.2.1.6279.6001.664989286137882319237192185951
784,1.3.6.1.4.1.14519.5.2.1.6279.6001.669435869708883155232318480131
785,1.3.6.1.4.1.14519.5.2.1.6279.6001.669518152156802508672627785405
786,1.3.6.1.4.1.14519.5.2.1.6279.6001.670107649586205629860363487713
787,1.3.6.1.4.1.14519.5.2.1.6279.6001.671278273674156798801285503514
788,1.3.6.1.4.1.14519.5.2.1.6279.6001.674809958213117379592437424616
789,1.3.6.1.4.1.14519.5.2.1.6279.6001.675543413149938600000570588203
790,1.3.6.1.4.1.14519.5.2.1.6279.6001.686193079844756926365065559979
791,1.3.6.1.4.1.14519.5.2.1.6279.6001.690929968028676628605553365896
792,1.3.6.1.4.1.14519.5.2.1.6279.6001.692598144815688523679745963696
793,1.3.6.1.4.1.14519.5.2.1.6279.6001.693480911433291675609148051914
794,1.3.6.1.4.1.14519.5.2.1.6279.6001.701514276942509393419164159551
795,1.3.6.1.4.1.14519.5.2.1.6279.6001.707218743153927597786179232739
796,1.3.6.1.4.1.14519.5.2.1.6279.6001.710845873679853791427022019413
797,1.3.6.1.4.1.14519.5.2.1.6279.6001.712472578497712558367294720243
798,1.3.6.1.4.1.14519.5.2.1.6279.6001.716498695101447665580610403574
799,1.3.6.1.4.1.14519.5.2.1.6279.6001.724251104254976962355686318345
800,1.3.6.1.4.1.14519.5.2.1.6279.6001.724562063158320418413995627171
801,1.3.6.1.4.1.14519.5.2.1.6279.6001.725023183844147505748475581290
802,1.3.6.1.4.1.14519.5.2.1.6279.6001.725236073737175770730904408416
803,1.3.6.1.4.1.14519.5.2.1.6279.6001.733642690503782454656013446707
804,1.3.6.1.4.1.14519.5.2.1.6279.6001.741709061958490690246385302477
805,1.3.6.1.4.1.14519.5.2.1.6279.6001.743969234977916254223533321294
806,1.3.6.1.4.1.14519.5.2.1.6279.6001.745109871503276594185453478952
807,1.3.6.1.4.1.14519.5.2.1.6279.6001.747803439040091794717626507402
808,1.3.6.1.4.1.14519.5.2.1.6279.6001.749871569713868632259874663577
809,1.3.6.1.4.1.14519.5.2.1.6279.6001.750792629100457382099842515038
810,1.3.6.1.4.1.14519.5.2.1.6279.6001.752756872840730509471096155114
811,1.3.6.1.4.1.14519.5.2.1.6279.6001.756684168227383088294595834066
812,1.3.6.1.4.1.14519.5.2.1.6279.6001.765459236550358748053283544075
813,1.3.6.1.4.1.14519.5.2.1.6279.6001.765930210026773090100532964804
814,1.3.6.1.4.1.14519.5.2.1.6279.6001.766881513533845439335142582269
815,1.3.6.1.4.1.14519.5.2.1.6279.6001.768276876111112560631432843476
816,1.3.6.1.4.1.14519.5.2.1.6279.6001.771741891125176943862272696845
817,1.3.6.1.4.1.14519.5.2.1.6279.6001.771831598853841017505646275338
818,1.3.6.1.4.1.14519.5.2.1.6279.6001.774060103415303828812229821954
819,1.3.6.1.4.1.14519.5.2.1.6279.6001.776429308535398795601496131524
820,1.3.6.1.4.1.14519.5.2.1.6279.6001.776800177074349870648765614630
821,1.3.6.1.4.1.14519.5.2.1.6279.6001.779493719385047675154892222907
822,1.3.6.1.4.1.14519.5.2.1.6279.6001.780558315515979171413904604168
823,1.3.6.1.4.1.14519.5.2.1.6279.6001.792381786708289670758399079830
824,1.3.6.1.4.1.14519.5.2.1.6279.6001.797637294244261543517154417124
825,1.3.6.1.4.1.14519.5.2.1.6279.6001.799582546798528864710752164515
826,1.3.6.1.4.1.14519.5.2.1.6279.6001.801945620899034889998809817499
827,1.3.6.1.4.1.14519.5.2.1.6279.6001.802595762867498341201607992711
828,1.3.6.1.4.1.14519.5.2.1.6279.6001.803808126682275425758092691689
829,1.3.6.1.4.1.14519.5.2.1.6279.6001.803987517543436570820681016103
830,1.3.6.1.4.1.14519.5.2.1.6279.6001.805925269324902055566754756843
831,1.3.6.1.4.1.14519.5.2.1.6279.6001.811825890493256320617655474043
832,1.3.6.1.4.1.14519.5.2.1.6279.6001.814122498113547115932318256859
833,1.3.6.1.4.1.14519.5.2.1.6279.6001.822128649427327893802314908658
834,1.3.6.1.4.1.14519.5.2.1.6279.6001.826812708000318290301835871780
835,1.3.6.1.4.1.14519.5.2.1.6279.6001.826829446346820089862659555750
836,1.3.6.1.4.1.14519.5.2.1.6279.6001.832260670372728970918746541371
837,1.3.6.1.4.1.14519.5.2.1.6279.6001.837810280808122125183730411210
838,1.3.6.1.4.1.14519.5.2.1.6279.6001.842317928015463083368074520378
839,1.3.6.1.4.1.14519.5.2.1.6279.6001.842980983137518332429408284002
840,1.3.6.1.4.1.14519.5.2.1.6279.6001.850739282072340578344345230132
841,1.3.6.1.4.1.14519.5.2.1.6279.6001.855232435861303786204450738044
842,1.3.6.1.4.1.14519.5.2.1.6279.6001.861997885565255340442123234170
843,1.3.6.1.4.1.14519.5.2.1.6279.6001.866845763956586959109892274084
844,1.3.6.1.4.1.14519.5.2.1.6279.6001.868211851413924881662621747734
845,1.3.6.1.4.1.14519.5.2.1.6279.6001.877026508860018521147620598474
846,1.3.6.1.4.1.14519.5.2.1.6279.6001.882070241245008756731854510592
847,1.3.6.1.4.1.14519.5.2.1.6279.6001.885168397833922082085837240429
848,1.3.6.1.4.1.14519.5.2.1.6279.6001.885292267869246639232975687131
849,1.3.6.1.4.1.14519.5.2.1.6279.6001.888291896309937415860209787179
850,1.3.6.1.4.1.14519.5.2.1.6279.6001.888615810685807330497715730842
851,1.3.6.1.4.1.14519.5.2.1.6279.6001.892375496445736188832556446335
852,1.3.6.1.4.1.14519.5.2.1.6279.6001.897161587681142256575045076919
853,1.3.6.1.4.1.14519.5.2.1.6279.6001.897279226481700053115245043064
854,1.3.6.1.4.1.14519.5.2.1.6279.6001.897684031374557757145405000951
855,1.3.6.1.4.1.14519.5.2.1.6279.6001.898642529028521482602829374444
856,1.3.6.1.4.1.14519.5.2.1.6279.6001.900182736599353600185270496549
857,1.3.6.1.4.1.14519.5.2.1.6279.6001.905371958588660410240398317235
858,1.3.6.1.4.1.14519.5.2.1.6279.6001.908250781706513856628130123235
859,1.3.6.1.4.1.14519.5.2.1.6279.6001.910435939545691201820711078950
860,1.3.6.1.4.1.14519.5.2.1.6279.6001.910607280658963002048724648683
861,1.3.6.1.4.1.14519.5.2.1.6279.6001.910757789941076242457816491305
862,1.3.6.1.4.1.14519.5.2.1.6279.6001.922852847124879997825997808179
863,1.3.6.1.4.1.14519.5.2.1.6279.6001.927394449308471452920270961822
864,1.3.6.1.4.1.14519.5.2.1.6279.6001.931383239747372227838946053237
865,1.3.6.1.4.1.14519.5.2.1.6279.6001.935683764293840351008008793409
866,1.3.6.1.4.1.14519.5.2.1.6279.6001.939152384493874708850321969356
867,1.3.6.1.4.1.14519.5.2.1.6279.6001.939216568327879462530496768794
868,1.3.6.1.4.1.14519.5.2.1.6279.6001.943403138251347598519939390311
869,1.3.6.1.4.1.14519.5.2.1.6279.6001.944888107209008719031293531091
870,1.3.6.1.4.1.14519.5.2.1.6279.6001.946129570505893110165820050204
871,1.3.6.1.4.1.14519.5.2.1.6279.6001.948414623428298219623354433437
872,1.3.6.1.4.1.14519.5.2.1.6279.6001.952265563663939823135367733681
873,1.3.6.1.4.1.14519.5.2.1.6279.6001.955688628308192728558382581802
874,1.3.6.1.4.1.14519.5.2.1.6279.6001.957384617596077920906744920611
875,1.3.6.1.4.1.14519.5.2.1.6279.6001.961063442349005937536597225349
876,1.3.6.1.4.1.14519.5.2.1.6279.6001.964952370561266624992539111877
877,1.3.6.1.4.1.14519.5.2.1.6279.6001.965620538050807352935663552285
878,1.3.6.1.4.1.14519.5.2.1.6279.6001.969607480572818589276327766720
879,1.3.6.1.4.1.14519.5.2.1.6279.6001.970264865033574190975654369557
880,1.3.6.1.4.1.14519.5.2.1.6279.6001.970428941353693253759289796610
881,1.3.6.1.4.1.14519.5.2.1.6279.6001.975254950136384517744116790879
882,1.3.6.1.4.1.14519.5.2.1.6279.6001.975426625618184773401026809852
883,1.3.6.1.4.1.14519.5.2.1.6279.6001.979083010707182900091062408058
884,1.3.6.1.4.1.14519.5.2.1.6279.6001.980362852713685276785310240144
885,1.3.6.1.4.1.14519.5.2.1.6279.6001.986011151772797848993829243183
886,1.3.6.1.4.1.14519.5.2.1.6279.6001.994459772950022352718462251777
887,1.3.6.1.4.1.14519.5.2.1.6279.6001.997611074084993415992563148335
